{"stats":{"minecraft:picked_up":{"minecraft:wheat_seeds":1,"minecraft:dirt":4},"minecraft:custom":{"minecraft:jump":44,"minecraft:time_since_rest":4383,"minecraft:sprint_one_cm":8847,"minecraft:play_time":4383,"minecraft:time_since_death":4383,"minecraft:walk_one_cm":1002,"minecraft:total_world_time":4383,"minecraft:drop":1,"minecraft:fall_one_cm":2986,"minecraft:fly_one_cm":12137},"minecraft:used":{"minecraft:dirt":2},"minecraft:mined":{"minecraft:grass":3,"minecraft:grass_block":2,"minecraft:dirt":2},"minecraft:dropped":{"minecraft:wheat_seeds":1}},"DataVersion":3465}